dataset,model,algorithm,test_rmse,test_mae,test_r2,val_rmse,train_time
Caco2_Wang,Best HPO,abc,0.0027901416178792715,0.0021386246662586927,0.44900596141815186,0.0037324067670851946,63.860750675201416
Caco2_Wang,Basic,basic,0.003086991375312209,0.002469169208779931,0.32552599906921387,0.004019798245280981,52.56477069854736
Clearance_Hepatocyte_AZ,Best HPO,sa,49.86635971069336,40.09646987915039,-0.07901322841644287,50.36973190307617,48.629066467285156
Clearance_Hepatocyte_AZ,Basic,basic,49.261600494384766,33.3367919921875,-0.05300033092498779,55.540767669677734,20.417269229888916
Clearance_Microsome_AZ,Best HPO,abc,39.71173095703125,26.47563362121582,0.15027636289596558,39.48881149291992,188.93859934806824
Clearance_Microsome_AZ,Basic,basic,57.70457458496094,30.616012573242188,-0.7941577434539795,41.098114013671875,15.768820524215698
Half_Life_Obach,Best HPO,abc,20.60187530517578,9.020918846130371,0.09857159852981567,17.023221969604492,32.43721675872803
Half_Life_Obach,Basic,basic,20.41182518005371,7.435812950134277,0.11512595415115356,15.517629623413086,35.33526563644409
